{"cameraMode":{"drawMode":0,"name":"Shaded","section":"Shading Mode"},"sceneLighting":true,"audioPlay":false,"sceneViewState":{"m_AlwaysRefresh":false,"showFog":true,"showSkybox":true,"showFlares":true,"showImageEffects":true,"showParticleSystems":true,"showVisualEffectGraphs":true,"m_FxEnabled":true},"in2DMode":false,"pivot":{"x":9.662271499633789,"y":-6.699999809265137,"z":17.002504348754884},"rotation":{"x":-0.3200216293334961,"y":0.017618216574192048,"z":-0.005952007137238979,"w":-0.9472305178642273},"size":60.23906707763672,"orthographic":false}